Gene1,Gene2,weight
ARID3A,FOXK1,0.1879451849504144
ARID3A,SERTAD2,0.1148728882596608
ARID3A,FOXJ2,0.0848571682412976
ARID3A,APBB1,0.0990236089181769
ARID3A,NEDD4,0.1621072660127887
ARID3A,MAFG,0.2122668092547302
ARID3A,ARID3A,1.0
ARID3A,GABRB2,0.1299592578144693
ARID3A,CRX,0.1583665627955241
ARID3A,MDM4,0.2681519679239832
ARID3A,WNT5A,0.0823061075021907
ARID3A,PCDH10,0.0863593415283816
ARID3A,ELL2,0.0941796314436363
ARID3A,HIF3A,0.2835822564434085
ARID3A,TLE3,0.4548643805757482
ARID3A,KLF6,0.1093705826318184
ARID3A,FUS,0.1826536297316351
ARID3A,SPIB,0.1362989068494681
ARID3A,TGFB1,0.6672614627591782
ARID3A,RAX2,0.0348835383302197
ARID3A,HMGA1,0.0754018063676726
ARID3A,KHSRP,0.5374607090523065
ARID3A,FER,0.0859543109594103
ARID3A,POU2F1,0.1919368442807237
ARID3A,TCF4,0.0641455653107119
ARID3A,FLRT2,0.2356768127287983
ARID3A,CCND1,0.091653379797391
ARID3A,ROR2,0.0731764236629621
ARID3A,PPARA,0.1290019590173765
ARID3A,H1F0,0.0665665067824901
ARID3A,ARID3B,0.7119126821773817
BARX2,BARX2,1.0
BARX2,EPHA4,0.0611146483935556
BARX2,NR0B1,0.1167861154984582
BARX2,PRSS23,0.0065329797581489
BARX2,SMAD6,0.0790489900370783
BARX2,SNAPC3,0.0765525007423679
BARX2,MEX3C,0.1024485277293676
BARX2,BHLHE40,0.0611248163504988
BCLAF1,BCLAF1,1.0
BCLAF1,XRCC5,0.1469520301724072
BCLAF1,SALL3,0.284158609213559
BCLAF1,BMPER,0.0873059851836659
BCLAF1,TCF4,0.0710044851787536
BCLAF1,PSIP1,0.1142017524827735
BCLAF1,LRR1,0.160243580939128
BCLAF1,GTF2H2,0.4638420086595611
BCLAF1,SLC36A4,0.1923301294785169
BHLHE40,EOMES,0.1037415424692662
BHLHE40,BTG2,0.2503097456020581
BHLHE40,PCDH10,0.4231443159175923
BHLHE40,ZEB1,0.1208051481605489
BHLHE40,FBXO34,0.0625350352540266
BHLHE40,LMO2,0.3008209687397005
BHLHE40,BHLHE40,1.0
BHLHE40,SMG6,0.1791866434239461
BHLHE40,AFF4,0.1090491722354776
BHLHE40,GYPA,0.0408767957327819
BHLHE40,LHX1,0.1826765288622302
BHLHE40,ROR2,0.2745408104268492
BHLHE40,HLX,0.0973644287008053
BHLHE40,HIF3A,0.0700026087896763
BHLHE40,SNAI1,0.2946854590171489
BHLHE40,MCC,0.8440291679604295
BHLHE40,JUND,0.2196760196408745
BHLHE40,TNC,0.1530721710226258
CRX,LPGAT1,0.2592782392337774
CRX,FOXK1,0.8807383056805543
CRX,CBFA2T2,0.5403779718992973
CRX,SCD5,0.3458112583758095
CRX,ZNF160,0.2124199444309765
CRX,ZNF764,0.2408301226224896
CRX,ST3GAL6,0.3674568935683849
CRX,POU2F2,0.5930956783425116
CRX,ZNF8,0.2936594493472014
CRX,PRDM14,0.273827363708487
CRX,LMX1B,2.062180284961276
CRX,ANKRD26,0.6109547909808182
CRX,ZNF471,0.9177260733781116
CRX,MAFF,3.785703978731678
CRX,CRX,1.0
CRX,SPIB,1.4937773349066803
CRX,REL,0.8305298195217072
CRX,MDM4,0.7296659367133854
CRX,IRF1,2.356395549817674
CRX,LIMD1,0.8926022592955687
CRX,ZFHX3,0.1578678576005698
CRX,SOX7,0.1058816843609506
CRX,ABLIM1,0.0743139171667851
CRX,PPP1R9A,0.2412759386123302
CRX,SEMA5A,0.3358641118815958
CRX,ZNF521,0.3698561655565178
CRX,RBPJ,0.2879939878675483
CRX,BARX2,0.3342437548915465
CRX,GCM1,1.2054234450624637
CRX,DMBX1,3.608023390082884
CRX,ZHX3,0.6393506273942575
CRX,SLA2,0.9449966083056336
CRX,TAF1L,1.4828754968043014
CRX,WDFY1,0.2579290373197678
CRX,HIF3A,0.3756262820217529
CRX,PPARA,0.7744928283073291
CRX,VHL,1.6116332129052218
CRX,CIITA,3.740665934980826
CRX,SKIL,0.1285033232204604
CRX,FN1,0.0644713180988581
CRX,FAM46A,0.1580788602437621
CRX,TCF4,0.0826502845667789
CRX,TBX3,0.1065546412345084
CRX,OXTR,0.1984523579822869
CRX,ASB4,0.4063083605458163
CRX,CLDN11,0.3426291313017235
CRX,TBX20,0.1804762176370522
CTNNB1,CTBP1,0.3189238141829055
CTNNB1,SFRP1,0.0339563540156703
CTNNB1,HMGN2,0.0774754449135043
CTNNB1,NANOG,0.018424765702654
CTNNB1,POU3F1,0.2652034368594434
CTNNB1,SSB,0.0348251654971779
CTNNB1,SRSF6,0.5087357233638404
E2F3,PHLDB2,0.0996922285251432
E2F3,FOXP1,0.0796014980977096
E2F3,HIST1H1B,0.0974239934984858
E2F3,TIMM8A,0.0582721479559311
E2F3,KHSRP,0.0593734588588855
E2F3,E2F3,1.0
E2F3,FBXO28,0.0997196060432298
E2F3,NOC3L,0.2970805854639163
E2F3,FOXN3,0.1119740467432408
E2F3,KLF5,0.1767072789282104
E2F3,UBTF,0.0819327156410256
E2F3,DEK,0.1502158660675799
E2F3,CCND1,0.0403115927867944
E2F3,ZNF202,0.1203753905134668
E2F3,SNAI1,0.0782697533218276
E2F3,TRIM2,0.0479687747409483
E2F3,TFAP4,0.8509741920893208
E2F3,POU2F1,0.1908928088009508
E2F3,HMGA1,0.3262862051624691
E2F3,EHMT2,0.074871357347081
E2F3,FBXO5,0.0552419163295135
E2F3,RBPJ,0.7011776622209427
E2F3,PRICKLE1,0.0553909451665111
E2F3,REL,0.0392997858936693
E2F3,BCLAF1,0.8781231545989256
E2F3,ABLIM1,0.0526345853694098
E2F3,ANKRD1,0.1389436123303988
E2F3,LGR4,0.0371952727385266
E2F3,ZNF488,0.3975259764250998
E2F3,DNA2,0.1636749462576671
E2F3,ITPR2,0.1406389207334006
E2F3,POU3F1,0.1020156937050566
E2F3,DEPDC1B,0.07796556093887
E2F4,PRIM1,0.088235931623655
E2F4,EXO1,0.127503215805383
E2F4,PRICKLE1,0.082476156686792
E2F4,TBC1D4,0.569254813385044
E2F4,ABLIM1,0.2437077662757604
E2F4,PPM1H,0.1024765993260419
E2F4,E2F4,1.0
E2F4,LGR4,0.0761733011195186
E2F4,UPF2,0.1100240760243003
E2F4,FBXO28,0.1138436626013458
E2F4,E2F7,0.085374678289544
E2F4,EZH2,0.0888099263996072
E2F4,FBXO5,0.0763082987074001
E2F4,FOXP1,0.0908977331280824
E2F4,GTF3C4,0.146442313906195
E2F4,ZNF202,0.0940390592265837
E2F4,BCLAF1,0.1716494795435138
E2F4,RBBP8,0.1032467053089473
E2F4,RNF13,0.1754535348876749
E2F4,RMI1,0.0829123347497705
E2F4,GDAP1,0.0744758023414211
E2F4,OTUD6B,0.5896186847286696
E2F4,RAVER2,0.2489335912799545
E2F7,KLHL12,0.1884987166999647
E2F7,KDM6A,0.133300881050177
E2F7,SIRT1,0.0842429428916016
E2F7,TADA1,0.0406002606660437
E2F7,CHAF1A,0.0955053548390433
E2F7,MCM5,0.8602180384104641
E2F7,TIPIN,0.0965894848178141
E2F7,EZH2,0.0885105261754181
E2F7,RBBP8,0.583660432869965
E2F7,MCM7,0.0870855135650197
E2F7,EXO1,0.0538721487912726
E2F7,LGR4,0.0333175903810727
E2F7,CUL1,0.1334469814964335
E2F7,GRHL2,0.0356664012941647
E2F7,SFMBT1,0.0492018236461246
E2F7,SFRP2,0.0005277680121474
E2F7,CASD1,0.1428415212668455
E2F7,RAVER2,0.0627674348494269
E2F7,FBXO5,0.1932532012646609
E2F7,FOXN3,0.2719714184770238
E2F7,RND3,0.1373280408122424
E2F7,E2F7,1.0
E2F7,PROM1,0.0183774114630605
E2F7,NFKBIB,0.1414711249711545
E2F7,SOX13,0.0631330288236801
E2F7,NANOG,0.0222579920092052
E2F7,NFE2L3,0.0346197956198027
E2F7,WDR12,0.0682559309620376
E2F7,SUPT7L,0.0780047141421375
E2F7,ZNF488,0.0923420723052146
E2F7,PMAIP1,0.0881473666293239
E2F7,ABLIM1,0.2470288110459009
E2F7,TMEM38B,0.1569711889506117
ELK3,MEF2D,0.3053691981497222
ELK3,ELK3,1.0
ELK3,CALCOCO1,0.4714201699144481
ELK3,FLRT2,0.1675934032318554
ELK3,PDLIM3,0.1248692825462695
ELK3,AMN1,0.4327474579449409
ELK3,STIM2,0.1486119937085931
EOMES,GSC,1.0123991174606322
EOMES,PCDH10,1.7477486684116228
EOMES,SNX18,0.5117483940730444
EOMES,MSX1,5.77306011694701
EOMES,FST,3.649481379194466
EOMES,EOMES,1.0
ETS1,ELL2,0.0620500239518733
ETS1,FOXK1,0.0425418002945854
ETS1,ZEB1,0.2211138226506619
ETS1,SENP7,0.0612926570701795
ETS1,BCLAF1,0.129192343691772
ETS1,WWTR1,0.1710117596938012
ETS1,FOXP1,0.0989292807154643
ETS1,SMAD5,0.1767034409604823
ETS1,ROR2,0.0459803167425662
ETS1,KAT6A,0.0847061071991186
ETS1,NCOA6,0.1074063196362632
ETS1,MITF,0.1230687222854785
ETS1,CAP2,0.1052440407133256
ETS1,RUNX1,0.2042710174757427
ETS1,WNT5A,0.1486679329646606
ETS1,SULF2,0.0879623018364794
ETS1,NR3C1,0.137429132352559
ETS1,CEP85L,0.0538946387154473
ETS1,DLC1,0.045003637555426
ETS1,HOXB4,0.0590656744625797
ETS1,HLX,0.0608472912064545
ETS1,SNX18,0.0904808247395593
ETS1,VPS13C,0.0693617803626233
ETS1,RNF19A,0.0966997985416987
ETS1,VPS54,0.059603446491747
ETS1,SFMBT1,0.0511559120893437
ETS1,WWP1,0.1300992826118963
ETV1,JMJD1C,0.1656590462621937
ETV1,LMO3,0.0983023108301908
ETV1,SP110,0.3711383407345294
ETV1,NONO,0.097302353592902
ETV1,ETV1,1.0
ETV1,GRHL2,0.0168541822139682
ETV1,LECT1,0.1098583247612403
ETV1,NXT2,0.1219367214577787
ETV1,TJP2,0.0475917259853418
ETV1,CDCA7L,0.034743027350042
ETV1,WDR35,0.0715530841486987
ETV1,RARG,0.0942689985573903
ETV1,CLDN10,0.0670221258625036
ETV1,SLC6A15,0.0640967925393693
ETV1,RAI14,0.0799889354260351
ETV1,EGR1,0.2025517434160105
ETV1,PMAIP1,0.0831005099450155
ETV1,USP44,0.0093622015049238
ETV1,BCL11A,0.0447079230289496
ETV1,LRAT,0.0563385383999749
ETV1,CD200,0.0819124070560321
ETV1,TMEM47,0.237138163546501
ETV1,ITPR2,0.445580367411617
ETV3,PRICKLE1,0.0421709617266553
ETV3,DDHD2,0.0739116458098439
ETV3,SATB1,0.073770991832914
ETV3,TGFBR3,0.0284757128550249
ETV3,APOBEC3G,0.0291988353296805
ETV3,WWTR1,0.0520031722137992
ETV3,HAND1,0.0254361790521578
ETV3,ZFYVE16,0.1132931066690904
ETV3,MYOCD,0.1065380808408216
ETV4,RIOK1,0.0765970373514037
ETV4,GATAD2A,0.1928217764098235
ETV4,C4orf46,0.073440311585086
ETV4,RPE,0.0630085187777748
ETV4,ATG4C,0.0700257615820878
ETV4,GABRB3,0.0374930978915735
ETV4,ARID3B,0.222248566090868
ETV4,SRSF10,0.1284528302698072
ETV4,TIPIN,0.1029734045505451
ETV4,TRIM25,0.1931508282295516
ETV4,DPYSL3,0.0402545783900036
ETV4,UBTF,0.0935458795530641
ETV4,ETV4,1.0
ETV4,DEK,0.0684671411886908
ETV4,SALL2,0.0893673155519437
ETV4,HMGN2,0.0650495344385401
ETV4,TFAP2A,0.002155631865133
ETV4,DDAH1,0.0636611251120555
ETV4,DNMT3B,0.1035278429706903
ETV4,GATA3,0.0643445613106811
ETV4,TFDP1,0.1044249520409159
ETV4,SIX6,0.0097919670901934
ETV4,DNMT1,0.0973966814591972
ETV4,TFB2M,0.0744388561100708
ETV4,GRHL2,0.007052041363535
ETV4,SYNE2,0.0871751267389345
ETV4,TMEM64,0.0978281320633662
ETV4,JPH1,0.0476137417077394
ETV7,LPGAT1,0.0257568479379232
ETV7,RUNX1,0.0811162593114982
ETV7,TTC39B,0.0626901230174445
ETV7,REV3L,0.1288451403565926
ETV7,ZNF160,0.062907872134481
ETV7,CBFA2T2,0.0563919291038107
ETV7,DDHD2,0.1233199720104562
ETV7,HOMER1,0.0934262296568432
ETV7,VPS54,0.0828910376605803
ETV7,ATP2B4,0.0155439138938268
ETV7,LHX1,0.0277325221069394
ETV7,ATP11B,0.1016262851072384
FLI1,ZFHX3,0.8904335813750981
FLI1,SOX7,0.4425971008423192
FLI1,ETS1,0.5488302704651792
FLI1,DPYSL3,0.2846690617995699
FLI1,PALLD,0.2374721299625188
FLI1,TBC1D4,0.1620189145719681
FLI1,HOPX,0.2640170054143048
FLI1,RSPO3,0.6177331961163133
FLI1,APBB1,0.0940442552875804
FLI1,PLAGL1,0.1305301877577168
FLI1,CRHBP,0.6748583584884296
FLI1,NFAT5,0.1316247771724643
FLI1,ARL4A,0.4458442593954598
FLI1,LIMCH1,1.9555692285850093
FLI1,HTRA1,0.1405364515211994
FLI1,ETV3,0.0802706993266398
FLI1,SH3RF1,0.1062225618401319
FLI1,ARID5B,0.8932776895180499
FLI1,FAM46A,0.9697076763905004
FLI1,HIF1A,0.0003651289041861
FOXF1,ERBB4,0.2417712097817002
FOXF1,ISL1,0.6740430228736909
FOXF1,KLF5,0.9014703946867628
FOXF1,BMPER,1.1922132083049566
FOXF1,ADAMTS3,1.8853339567022576
FOXF1,PRDM1,0.2139220363964323
FOXF1,PHLDB2,1.253596724762484
FOXF1,KRCC1,0.3142995925347953
FOXF1,HAS2,0.3583342064192617
FOXF1,COBLL1,0.1480368367962462
FOXF1,SULF2,0.1343283943808109
FOXF1,DLC1,0.2161431786042491
FOXF1,TCF4,0.3373604757542865
FOXF1,PDCD4,0.0912585701712013
FOXF1,SEMA6D,0.663024766212037
FOXF1,RAB31,0.982149027521196
FOXF1,UBTF,0.1567266474408622
FOXF1,RAI1,0.1164508846063375
FOXF1,WNT5A,1.0183090125439167
FOXF1,APLNR,1.038529611682303
FOXF1,PCDH7,0.1139648334566168
FOXK1,CLDN11,0.0768262829275847
FOXK1,KDELR3,0.1226289718843687
FOXK1,TBX20,0.2148543148447819
FOXK1,SMAD5,0.2767969028968239
FOXK1,ZNF521,0.0993667763871705
FOXK1,ZBTB38,0.1336317933894227
FOXK1,HELZ,0.1203625485844863
FOXK1,LPGAT1,0.2238570356713126
FOXK1,ZFYVE16,0.2441700677694159
FOXK1,SERPINE2,0.0322901211883469
FOXK1,NUCB2,0.1184595670502212
GATA2,LEF1,1.3799638509363086
GATA2,MAFG,0.1001496478909394
GATA2,AKAP2,0.0621010274208228
GATA2,CDH11,0.0764103691752331
GATA2,RMI1,0.0967480423802625
GATA2,ANKRD6,0.0592072273367089
GATA2,SPP1,0.0676248823103908
GATA2,ARID5B,0.1334849870647574
GATA2,APLNR,0.046757932137658
GATA2,KDELR3,0.038135544072484
GATA2,GATA2,1.0
GATA2,SEMA6D,0.0605701828284312
GATA2,KDR,0.5322295517745319
GATA2,PURA,0.1676626270199884
GATA2,TBX3,0.0973378059364298
GATA2,GATA3,0.4466847905503753
GATA2,DAB2,0.3814686538930385
GATA2,HAND2,0.1745515063945918
GATA2,HEG1,0.2115859811399043
GATA2,LGR5,0.0473348146318868
GATA2,TBX20,0.1687083629180215
GATA2,GAD1,0.5646078417269799
GATA3,HOXB2,0.4276355233704295
GATA3,MFAP4,0.340240427457779
GATA3,LEF1,1.107445897935879
GATA3,GATA3,1.0
GATA3,GATA2,0.4325379658558716
GATA3,SF1,0.2978700313473512
GATA3,SERPINE2,0.3828324339357452
GATA3,KLF5,0.237358040544044
GATA3,EWSR1,0.486300214231643
GATA3,PHLDB2,0.4047374263458489
GATA3,BAMBI,2.2712720131222057
GATA3,SNX18,0.7710820549804432
GATA3,TBX3,0.5993467994404805
GATA3,EOMES,0.2985404820180036
GATA3,NTS,0.1976218008304079
GATA3,SLC39A8,0.336740431214023
GATA3,PELI2,0.1560651993592889
GATA3,NUAK1,0.1004327597846126
GATA3,UPF2,0.0880730431445258
GATA3,CASD1,0.137965969608238
GATA3,GAD1,1.531881280250647
GATA3,PCDH10,0.2191791205448026
GATA3,E2F4,0.0818464233534716
GATA3,FST,0.4210529608966144
GATA3,SNAI2,0.0846645940432092
GATA3,SALL3,0.0763681031837065
GATA3,HEG1,0.132367426594882
GATA3,BMP4,0.1483727267347828
GATA3,PENK,0.0555634803981929
GATA3,MSX1,0.3066795733731793
GATA3,PLAGL2,0.0788643037180691
GATA3,FOXJ2,0.0939408134233678
GATA3,TFDP1,0.1002779988873796
GATA3,PTMA,0.028597132917532
GATA3,RAB31,0.0687482646556359
GATA3,DUSP10,0.1816507775899453
GATA3,ALYREF,0.1287214913910099
GATA4,DLC1,2.567714952845868
GATA4,GATA4,1.0
GATA4,WWTR1,0.4710179690318657
GATA4,PLXNA2,0.4147592493192844
GATA4,SERPINE2,0.5864763531327627
GATA4,ZEB1,0.0965902633632522
GATA4,TGFBR3,0.2372129858341268
GATA4,NCOA6,1.1564494950999993
GATA4,LPIN1,0.0663064455291137
GATA4,HAND2,0.1072485543448598
GATA4,LRIG3,0.0797542073907426
GATA4,MEF2D,0.1692071518393694
GATA6,ZEB1,2.3607646785706744
GATA6,COBLL1,0.4397458664434658
GATA6,BCL11B,0.3396506559089349
GATA6,CLDN11,0.5432865703141402
GATA6,NHLH2,0.5135044828405234
GATA6,LHX1,11.210808907172632
GATA6,COL5A2,1.2246369423183785
GATA6,ITGA5,2.902129301626448
GATA6,EPHA4,1.2913849358800042
GATA6,KLF8,0.5431002075750201
GATA6,MAFG,1.2800147372333008
GATA6,CDK6,0.6046305344254121
GATA6,MXI1,0.769576037228566
GATA6,NFIB,0.204747763534784
GATA6,COL5A1,2.77376334571426
GATA6,QPCT,2.869486990794779
GATA6,GATA4,1.0504823358830278
GATA6,WLS,0.80578205786964
GATA6,NEDD9,0.2516198437875937
GATA6,ASXL1,3.2459639045571405
GATA6,ARID3A,0.9852002731105032
GATA6,AFF1,1.7612319419459974
GATA6,PCDH10,1.382922652073851
GATA6,ROR2,5.716318703996492
GATA6,TMOD1,2.335817910815832
GATA6,ZNF83,0.3840979353190473
GATA6,RAI1,0.4926997424957693
GATA6,MSX1,0.6040815764533647
GATA6,SNAI1,0.6639344291648973
GATA6,MAGI3,0.7601454834687752
GATA6,IL6ST,1.0723049134992964
GATA6,H1F0,0.5805119354656555
GATA6,EGF,0.5541770645822646
GATA6,ARHGAP42,1.6876142257211413
GATA6,HLA-DQB1,0.7530754557765644
GATA6,DLC1,12.261356459230791
GATA6,CITED2,1.694872040557752
GATA6,LIPG,1.4652680994526952
GATA6,SERTAD2,3.8372733291339127
GATA6,AMIGO2,5.00617623551194
GATA6,ANKRD6,1.630924675462372
GATA6,SMAD5,0.9508236490278708
GATA6,APC,0.5806550165961418
GATA6,DKK1,1.0533437318444363
GATA6,SULF2,2.2120975691908584
GATA6,ZIC3,0.839867446217179
GATA6,FOXK1,0.1164900508223405
GATA6,HLX,0.208345938836954
GATA6,TCF4,0.0906181803155375
GATA6,PLXNA2,3.5370915185077103
GATA6,ZEB2,0.2318285963749342
GATA6,ATP2B4,0.9924407274383946
GATA6,OTX2,1.805051618271612
GATA6,GATA6,1.0
GATA6,MAMLD1,0.6901071546944249
GATA6,CHL1,1.5863698255132035
GATA6,ELL2,0.6976972176565677
GATA6,HAPLN1,1.6926446780187825
GATA6,COL1A2,0.3818163430438812
GATA6,HDGF,0.2105859614694309
GATA6,ARHGAP29,0.3281281751645827
GATA6,LGR5,2.1616893308922926
GATA6,TEAD1,0.6482647119542821
GATA6,SLITRK2,0.3795725561364635
GATA6,RSPO3,0.3629962314771338
GATA6,SMG6,0.3200764521639647
GATA6,SEMA3E,0.226940789197411
GATA6,TRPS1,0.3914633740998741
GCM1,CBFA2T2,0.0739471672974479
GCM1,ZFHX3,0.2874520120664169
GCM1,ZIC3,0.0626386709586377
GCM1,ZNF160,0.4255551722285686
GCM1,LMX1B,0.1616456541673159
GRHL2,USP44,1.6775283631588165
GRHL2,PPM1H,0.6990969689982504
GRHL2,PTPRZ1,4.745493840556533
GRHL2,XRCC5,0.5685156553918459
GRHL2,GCA,1.3248962784507246
GRHL2,CALB1,1.0713061409783875
GRHL2,SEMA6A,0.6545490685688468
GRHL2,SLC35F1,1.194052543386238
HIF3A,LMO3,0.1087061681122933
HIF3A,NCOA6,0.1763521060265968
HIF3A,SPIB,0.4012530511435679
HIF3A,HIF3A,1.0
HIF3A,ATRX,0.1684808964638224
HIF3A,CUX1,0.8545914673727536
HIF3A,ATP2B4,0.2436267139403654
HIF3A,MEF2D,0.115723681617115
HMGA1,TRIM25,0.2266586659439258
HMGA1,KHSRP,2.6307358637869585
HMGA1,MEX3C,0.1107559980189739
HMGA1,ALYREF,0.7308346426391921
HMGA1,ZNF219,0.1345831248620175
HMGA1,TRIP6,0.1487448112024956
HMGA1,SALL3,0.0541430242470362
HMGA1,SF1,1.5972197355989586
HMGA1,RRAS2,0.0627504564576905
HMGA1,ARID3B,2.053281437151392
HMGA1,UBTF,0.1203786698588634
HMGA1,ZNF589,0.1035533641418104
HMGA1,ID3,0.0695036545908445
HMGA1,E2F4,0.1176812486183563
HMGA1,LEF1,0.5765627737469811
HMGA1,SALL2,0.3030069302322505
HMGA1,MBOAT1,0.2235023363326358
HMGA1,POU5F1,0.0842673047641688
HMGA1,RARG,0.193436129188255
HMGA1,SOX13,0.1786375719213494
HMGA1,TRERF1,0.0864564976461426
HMGA1,PHC1,0.0563779580627287
HMGA1,POU2F1,0.5960609916256306
HMGA1,GATAD2A,0.1858662369146412
HMGA1,E2F3,0.2809285842443333
HMGA1,ZNF202,0.4055118509376562
HMGA1,CYP1B1,0.3866498563028621
HMGA1,CCND1,0.5629716965898739
HMGA1,NFKBIB,0.1816118007348386
HMGA1,TRIM27,0.1525249952567639
HMGA1,U2AF1,0.5231462289103824
HMGA1,SNAI1,0.1939953282024377
HMGA1,FOXJ1,0.58386895267732
HMGA1,ODC1,0.082417804035189
HMGA1,ID1,0.2696890427543684
HMGA1,TEAD4,0.3114423471706323
HOXB2,HOXB2,1.0
HOXB2,MXI1,0.1602427957108309
HOXB2,GSC,0.1114366958232121
HOXB2,HAND1,1.85138985020805
HOXB3,HTRA1,0.0476111539267247
HOXB3,PLAGL1,0.1288226671127436
HOXB3,MAPK10,0.1881999851490521
HOXB3,LUM,0.3348326717511108
HOXB3,NEDD4,0.523548831084254
HOXB3,ST3GAL6,0.5365436617330747
HOXB3,HOXB6,0.3045926364909948
HOXB3,LIFR,0.205473043368807
HOXB3,ELMO1,0.0728340015350334
HOXB3,BMP4,0.2139659746779621
HOXB3,PLAU,0.4507391652187152
HOXB3,MEF2D,0.2458991848825384
HOXB3,PENK,0.0582529781645426
HOXB3,FOXJ2,0.1527366519106345
HOXB3,TGFB1I1,0.4147404150993733
HOXB3,ASB4,0.066731796555829
HOXB3,MEPE,0.0876838857299806
HOXB3,ARHGAP28,0.324730668009056
ILF2,ZNF8,0.3462625092697653
ILF2,HNRNPD,0.4169997188986539
ILF2,NAA15,0.2820515073510295
ILF2,DAXX,0.1162476002307754
ILF2,ILF2,1.0
ILF2,HIF1A,0.4786445438982338
ILF2,CCNB2,0.1013642555965036
ILF2,NUP35,0.0924978358862782
ILF2,BTF3,0.1369644925568727
ILF2,TEX10,0.0779585166507686
ILF2,GINS2,0.2916700044045913
ILF2,ENO1,0.1543301496913477
ILF2,UPF1,0.12484657675497
ILF2,GLDC,0.0792312044948051
ILF2,RBM14,0.0790342465478381
ILF2,RNPS1,0.047171701576578
ILF2,RUVBL1,0.5544340945922963
ILF2,TFB2M,0.6676199035824681
ILF2,MEX3C,0.127790429918661
ILF2,MBIP,0.2237537298936762
ILF2,POLR2K,0.0917180917049063
ILF2,TTC27,0.0861171777313074
ILF2,RBBP8,0.0986836522043334
ILF2,ZNF146,0.0992792457431881
ILF2,AR,0.1174686914173313
ILF2,ERCC6L,0.0836350379338692
IRF1,FOXK1,0.5838924984431729
IRF1,CRX,1.740987355430664
IRF1,ZHX3,2.33553974183688
IRF1,ETV7,1.19948075066877
IRF1,SLA2,2.7686584166854367
IRF1,IRF1,1.0
JUND,TBX3,0.0729970274634666
JUND,NFATC1,0.118486775442028
JUND,BARX2,0.2612511186190285
JUND,HOXB4,0.3488717535735893
JUND,JUND,1.0
JUND,MSX1,0.2423066858055441
JUND,ARID3A,0.2868496838233746
JUND,CDK6,0.061752126133207
JUND,PRDM1,0.0786866423686288
JUND,HIF3A,0.2340849686850686
JUND,FLI1,0.0588551324758823
JUND,NRP2,0.06375985994482
JUND,ISL1,0.1161347251583536
JUND,SEMA3E,0.0836330680269532
JUND,COL5A1,0.2010379076349316
JUND,CITED2,0.0733349178692332
JUND,PLCB4,0.0967783871484527
JUND,ANKRD1,0.3605401318738517
JUND,ELMOD2,0.20067809183141
JUND,KIAA1109,0.2049294838519222
JUND,GSC,0.1375705116445418
JUND,MAML3,0.1853931497603984
JUND,ZNF471,0.0753467940912086
JUND,BHLHE40,0.0337721906734998
KLF6,ZFHX3,0.6902516391913143
KLF6,LHX1,0.0996025465248868
KLF6,DAB2,0.0982716902426565
KLF6,ATP2B4,0.0776061871770379
KLF6,NFATC1,0.1426677803419195
KLF6,MEF2D,0.1232715095407583
KLF6,DACH1,0.0914020518041385
KLF6,SERTAD2,0.2464097575034059
KLF6,RSPO3,0.065661856264808
KLF6,TRAF6,0.0717289194700579
KLF6,SMAD5,0.087309084830104
KLF6,VPS13C,0.0724519762019421
KLF6,PLCB4,0.0680609261050216
KLF6,MITF,0.0921019447907448
KLF6,PHLDB2,0.069385421141347
KLF6,NR3C1,0.148758795066114
KLF6,ARID5B,0.2937247907198982
KLF6,INSIG2,0.0836368442542225
KLF6,ZNF160,0.1597832457029903
KLF6,ZNF24,0.0732200742765187
KLF6,BMP2,0.0897475845500814
KLF6,MAML3,0.0670269587365315
KLF6,KAT6A,0.068216541757644
KLF8,CHL1,0.9651571973587092
KLF8,CDK6,0.5875423505774104
KLF8,SEMA5A,0.597646905323943
KLF8,NR3C1,1.1223434052231094
KLF8,DACH1,0.7651185927605983
KLF8,ZNF521,0.4601467966086189
KLF8,CUX1,0.1989853792120652
KLF8,TWIST1,0.4304254763434657
KLF8,TIPARP,0.9669507438585482
KLF8,TEAD1,0.2690912331240163
KLF8,MAGI3,0.3145081109831605
KLF8,EOMES,0.2090907375309562
KLF8,ANGPT2,0.6617307217811984
KLF8,SHOX2,0.1792387640802309
KLF8,SOX17,0.6565888264258438
KLF8,FAM89A,0.1446657612739563
KLF8,REV3L,0.162428986599449
KLF8,DAAM1,0.1701594654728659
KLF8,GPC6,0.1742899978341105
KLF8,PLCB4,0.1178561894018749
KLF8,EPHA4,0.1196740218835541
KLF8,FBXO34,0.0730433506286851
KLF8,NCOA6,0.1078567859145319
KLF8,TSPAN12,0.5914242064325719
KLF8,TDRD7,0.1261930943296204
KLF8,SOS2,0.6244386817233993
LEF1,TBX3,1.1700419169548963
LEF1,LHX1,0.052595263578287
LEF1,GATA3,0.9209127475400836
LEF1,LEF1,1.0
LEF1,HOXB6,0.050492165875059
LEF1,TFDP1,0.0516488384151205
LEF1,DLC1,0.0681665285399627
LEF1,HEG1,0.3764246268563797
LEF1,PURA,0.0932997374877236
LEF1,AFF1,0.0615611860924683
LEF1,RSPO3,0.0579724606867005
LEF1,TFAP2A,0.0928436810142509
LEF1,ROR2,0.1278975940952957
LEF1,EPB41L3,0.1634794713649592
LEF1,HAND1,0.1067732046208164
LEF1,MSX1,0.1476086980291453
LHX1,LHX1,1.0
LHX1,LPIN1,3.4540939247806355
LHX1,DACH1,1.7616574131579703
LHX1,NHLH2,0.7809271606799658
LHX1,COBLL1,1.9444461545200031
LHX1,TRPS1,1.5523503342433862
LHX1,ZEB1,2.757584818732255
LHX1,FBN1,1.2924159980323733
LHX1,ZFPM2,1.1055840188995822
LHX1,EPHA4,2.5048424334492423
LHX1,CLDN11,1.7630382075674196
LHX1,FREM1,2.1549589189986023
LHX1,APOBEC3G,2.739795553580474
LHX1,ZFHX3,0.271357383356905
LHX1,NFIB,2.742305212665507
LHX1,OTX2,2.753862786302077
LHX1,HOXB2,0.6047424441512875
LHX1,AGL,0.1895342874499144
LHX1,MCCC1,1.343307670950496
LHX1,CDH11,1.8946054367462744
LHX1,WNT5A,0.1926181223300529
LHX1,SP100,0.5115718001470235
LHX1,RALB,0.4328442122815469
LHX1,MEIS2,1.159182075593373
LHX1,HDGF,0.2498611031669756
LHX1,NFKBIA,1.4511316433567116
LHX1,NR0B1,0.220703586211469
LHX1,EGF,0.8853014303294221
LHX1,GATA4,0.9000181825901246
LHX1,DUSP10,0.7680076548516209
LHX1,TMOD1,5.101300351117016
LHX1,CHL1,4.126036485703448
LHX1,ANGPT2,3.2816187943825152
LHX1,CER1,9.432674259800889
LHX1,RHOBTB3,3.668278957390225
LHX1,APLNR,5.013303406916548
LHX1,BCL11B,1.8530809530980936
LHX1,COL5A2,3.117225793992349
LHX1,ITGA5,4.648260312003186
LHX1,AFF1,2.637928351750744
LHX1,ASXL1,1.180524347519605
LHX1,POU2AF1,2.315742467454012
LHX1,BCAR3,2.2226592949052653
LHX1,COL5A1,4.856556633228594
LHX1,GPR83,3.7293489588395135
LHX1,ROR2,3.75411311270637
LHX1,ARID3A,1.5399673176214723
LHX1,PCDH10,1.7150890254368056
LHX1,PLXNA2,12.304711202909363
LHX1,GATA6,9.52507153356575
LHX1,HAPLN1,7.799900026872124
LHX1,DLC1,10.161604008311365
LHX1,ST8SIA4,3.020537287688454
LHX1,LGR5,9.920417567707656
LMX1B,CBFA2T2,0.1968159747842927
LMX1B,ST3GAL6,0.0861343484211735
LMX1B,APBB1,0.4418842115843689
LMX1B,ARID3A,0.0938938405334532
LMX1B,NCOA6,0.1112680318682915
LMX1B,ZNF30,0.1838962436047471
LMX1B,LIMD1,0.1224838470295339
LMX1B,GSC,0.2881948088335395
LMX1B,NFAT5,0.1413530567357122
LMX1B,MAFF,0.2744020241598577
LMX1B,LMX1B,1.0
LMX1B,ANKRD1,0.1795550683100096
MAFG,FOXK1,0.248693682568975
MAFG,CBFA2T2,0.1943284700139781
MAFG,UHRF1,0.0612867372829436
MAFG,POLR2A,0.0605877665845135
MAFG,ZNF764,0.2687676722108449
MAFG,HDGF,1.268524301211226
MAFG,NCOA6,0.2222814018868855
MAFG,SEMA3E,0.1157906217002027
MAFG,KHSRP,0.1140728253914583
MAFG,ALCAM,0.0363130962480583
MAFG,ARID3B,0.2008395296673811
MAFG,BTBD10,0.3587050232446529
MAFG,NUAK1,0.1079324199899119
MEIS1,CDH11,0.0894338336081542
MEIS1,HOXB7,0.1081633822461635
MEIS1,APBB1,0.090509903554354
MEIS1,GPR83,0.039703165057035
MEIS1,ZHX3,0.0815952374708026
MEIS1,MME,0.0816523399253482
MEIS1,SATB2,0.1425080562935627
MEIS1,SENP7,0.0591210064704002
MEIS1,ELK3,0.0854628028413704
MEIS1,HLX,0.0680314593905988
MEIS1,FLI1,0.3100146712627003
MEIS1,PIK3R5,0.0663963723871286
MEIS1,PDLIM3,0.0460977382959564
MEIS2,NFATC1,0.1696722537641944
MEIS2,SEMA6D,0.8702467494489361
MEIS2,MEIS2,1.0
MEIS2,NEDD4,0.8937071805945624
MEIS2,SATB2,0.1219959839044419
MEIS2,LIFR,0.2767374019548919
MEIS2,PHLDB2,0.1102352939047667
MEIS2,TIPARP,0.2993668550830747
MEIS2,TGFB1I1,0.0759802328119186
MEIS2,TGFBR3,0.294883381268354
MEIS2,ANKRD6,0.0986574738332857
MEIS2,ZNF516,0.1227382267477728
MEIS2,BMP4,0.0731553832556615
MEIS2,MEF2D,0.275850430758646
MEIS2,MAN1A1,0.1605940456486867
MEIS2,LIPG,0.0747379684287264
MEIS2,HAPLN1,0.1838632463659352
MEIS2,RSPO3,0.0830112017858116
MEIS2,KDR,0.2438053008379035
MSX1,PCDH10,0.8757204855644998
MSX1,AIP,0.4774919181140071
MSX1,EOMES,2.173252248940351
MSX1,FST,2.0041197844765977
MSX1,HEG1,1.0977162758764396
MSX1,AMIGO2,0.3984314587068015
MSX1,PENK,0.1262442553244928
MSX1,DLC1,0.3215971097199497
MSX1,SNX18,0.5759198424313908
MSX1,SMAD6,1.4104943893671509
MSX1,HDGF,0.6656056946987037
MSX1,SERTAD2,0.2217649973405969
MSX1,LHX1,0.1469587130613603
MSX1,LEF1,1.1916014998636648
MSX1,FOXK1,0.2557328289389922
MSX1,TRIP6,0.2622641335543352
MSX1,COL5A1,0.2176678396485176
MSX1,PALLD,0.1685240903759162
MSX1,WDR5,0.3186121610594107
MSX1,MAFG,0.2551778567740796
MSX1,WLS,0.6705088345889321
MSX1,GATA3,0.2911974469273122
MSX1,NRP2,0.0484346210722869
MSX1,CITED2,0.06854499890509
MSX1,SNAI2,0.0984432747438307
MYCN,RARG,0.2130172320616972
MYCN,ZRANB2,0.4700996308526443
MYCN,BCL11A,0.446987828820353
MYCN,E2F4,1.1383884799252906
MYCN,ZNF107,0.5877734069531179
MYCN,CCNE2,0.4505682493699494
MYCN,NOL11,0.4590892629136359
MYCN,PATZ1,0.4478328105573086
MYCN,POU2F1,0.6793634829660649
MYCN,ABLIM1,0.5703639188717615
MYCN,PRICKLE1,1.6836505816623608
MYCN,MAP4K3,1.6429075361837089
MYCN,WDR35,0.8828716075645081
MYCN,OTUD6B,2.0696447672756078
MYCN,JPH1,0.4548993574649088
MYCN,NPM1,0.3938770897370598
MYCN,CDCA7L,0.3211644664259378
MYCN,SLC6A15,1.0017873145083271
MYCN,DNA2,0.7107308026404245
MYCN,RND3,1.1526904509866114
MYCN,SIRT1,2.7553201663254585
MYCN,DEPDC1B,2.012381650924751
NANOG,USP44,4.843819148020436
NANOG,PHC1,0.2346768942383288
NANOG,UNC5D,0.2974634679669647
NANOG,PAWR,0.4992218140540905
NANOG,ELAVL2,1.0739324422327148
NANOG,TPD52,1.081440156908682
NANOG,POLR2K,0.2062318109573762
NANOG,TJP2,1.2219576010520006
NANOG,CALB1,2.4619655639215106
NANOG,GINS2,0.442306429064442
NANOG,PER3,0.455846409006041
NANOG,GABRB3,0.4472169735563009
NANOG,FUS,1.011764231225063
NANOG,ZNF589,0.9324793250845792
NANOG,RRAS2,1.415859104506556
NANOG,ALG6,0.6323676415285349
NANOG,ANKRD28,1.219122154453041
NANOG,ZNF398,0.2943054937950385
NANOG,PDGFA,0.9654117345255744
NANOG,FUBP1,0.6355193446749513
NANOG,NAP1L3,1.7984984318257018
NANOG,EPCAM,4.092989016953768
NANOG,SFRP2,3.5588746048841178
NANOG,GDAP1,1.3195720355763283
NANOG,AK4,1.335829005854872
NANOG,ESRP1,1.5691215421809763
NANOG,DPYSL3,0.795939505786671
NANOG,PTPRZ1,2.330602074660256
NANOG,ETV1,1.0869743328626382
NANOG,PLP1,0.5839753743304732
NANOG,KAT7,0.7922341480906253
NANOG,LIN28A,0.0831877770563751
NANOG,RAVER2,0.3725333049024295
NANOG,SEMA6A,0.2653617847772526
NANOG,TRIP6,0.2686614966115513
NANOG,ARL4A,0.1289746531913574
NANOG,TEX10,0.1232908235439828
NANOG,RAI14,0.0922161529052289
NANOG,PARP1,0.0948011535941184
NANOG,WDR35,0.1190486663228757
NFATC3,ZBTB10,0.0993811733918457
NFATC3,APC,0.0437843686411573
NFATC3,HELZ,0.081729091965984
NFATC3,SH3BGRL2,0.1626312703509827
NFATC3,FOXP1,0.1968819408280706
NFATC3,PHLDB2,0.1427058230938634
NFATC3,PRMT6,0.071463137358689
NFATC3,GTF3C4,0.1347708829922598
NFATC3,ZNF202,0.1448320416474369
NFE2L3,USP44,0.1623859192876873
NFE2L3,RNF13,1.549226886228403
NFE2L3,KIF21A,0.1095970093666778
NFE2L3,ELAVL2,0.1233698541830432
NFE2L3,ANKRD28,0.1282510769071965
NFE2L3,SLC6A15,0.1397408403275122
NFE2L3,RORB,0.0576769935875734
NFE2L3,OTUD6B,0.6925172299330216
NFE2L3,ZNF398,1.0394821981155455
NFIA,LPGAT1,0.0349736591469031
NFIA,RFESD,0.0201735715459787
NFIA,PRICKLE1,0.0402862294211916
NFIA,FEZ1,0.0186649351353947
NFIA,LIPG,0.0446121799168954
NFIA,FAM46A,0.1163353266439403
NFIA,ANKMY2,0.0906307607504824
NFIA,PHF21A,0.1132701717529218
NFIC,XRN1,0.0487256130990803
NFIC,NIPSNAP3A,0.0807332547386027
NFIC,LGR5,0.0325718534415123
NFIC,CEP85L,0.0449385211154623
NFIC,TMSB15B,0.0618826494199584
NR3C1,ETV3,0.0665729485151896
NR3C1,AFF1,0.0961864750262441
NR3C1,NR3C1,1.0
NR3C1,NEDD9,0.1026510761728558
NR3C1,PDLIM3,0.0553331470842611
NR3C1,RALB,0.0518020877648126
NR3C1,CBFA2T2,0.0332299558595944
NR3C1,PHF21A,0.1168716298233153
NR3C1,GPR83,0.0465415177716598
NR3C1,MSX1,0.030769008574695
NR3C1,PNPLA8,0.0429501676465317
NR3C1,ELMO1,0.0384020540717422
NR3C1,FER,0.0338143934653485
NR3C1,SMG6,0.2528641511270734
NR3C1,SMARCD3,0.2669934806005738
NR3C1,PDCD11,0.1525279915289918
NR3C1,PLCB4,0.0389931117683839
NR3C1,HLA-DRB1,0.0277667829005237
NR3C1,COBLL1,0.0176785265814886
NR3C1,HELZ,0.1079980589687108
NR3C1,SP100,0.0313303131019549
NR3C1,PLOD2,0.033298870062487
NR3C1,PRDM1,0.0255854066298503
NR3C1,ARHGAP29,0.0251655932717373
NR3C1,TBX20,0.0779822291642853
NR3C1,SULF2,0.0192093046022596
NR3C1,MAN1A1,0.0243910518435985
NR3C1,RNF19A,0.3844054908830552
NR3C1,TIPARP,0.0244194116751641
OTX2,EGF,0.0976601324901352
OTX2,LRIG3,0.1263258987479364
OTX2,DCAF6,0.1592714968145676
OTX2,OTX2,1.0
OTX2,TIPARP,0.1354083515981966
OTX2,ZEB1,0.0949516515944285
OTX2,CHL1,0.1954660790683272
OTX2,ST8SIA4,0.1387292295269955
OTX2,KLHL28,0.1223348234880371
OTX2,ELMO1,0.2730278438225842
PBX1,STAT3,0.0426324608786398
PBX1,DNMT3B,0.0141646932554056
PBX1,GLDC,0.1668146751446629
PBX1,APBB1,0.0610837976694853
PBX1,PHC1,0.006439280289377
PBX1,GABRB3,0.034485479828267
PBX1,ESRP1,0.01147665005564
PBX1,MBOAT1,0.0637358645380891
PBX1,LGALSL,0.134518485700442
PBX1,PER3,0.0674446966399236
PBX1,NR0B1,0.2691139217700417
PBX1,MEF2D,0.1913538160744042
PBX1,TFE3,0.1267083946652773
PBX1,PRSS23,0.1198632549780598
PBX1,PATZ1,0.0866200026785463
PBX1,PPM1H,0.7255919997207027
PBX1,KHDRBS2,0.3567365778332415
PBX1,GCA,0.1689211999839816
PGR,PCDH10,0.0432453113076059
PGR,SOX5,0.811807631355209
PGR,MAGI3,0.0829842560147791
PGR,PPT2,0.0460558080765234
PGR,NFIB,0.197190884565143
PGR,EGF,0.0336671640815029
PGR,ARHGAP42,0.1267053371664262
POU2AF1,AFF1,0.6181817200487022
POU2AF1,FOXK1,1.1094013093119703
POU2AF1,NHLH2,0.6217319353115388
POU2AF1,GPSM2,0.83801941919264
POU2AF1,ARL4D,1.8206034992306035
POU2AF1,APC,1.396994965191415
POU2F2,ASNS,0.0348298535172304
POU2F2,TRIM25,0.1497014343764547
POU2F2,SATB2,0.0489048074546899
POU2F2,COMMD10,0.0767610606741819
POU2F2,FOXD3,4.432244112892732e-05
POU2F2,FOXJ1,0.3959313434688063
POU2F2,RFXANK,0.0938791671197572
POU2F2,UHRF1,0.068648690517313
POU2F2,AKAP2,0.0812763726549617
POU3F1,CALB1,0.0601722683100324
POU3F1,OTUD6B,0.0919097967856088
POU3F1,PER3,0.5555276103258029
POU3F1,CBFA2T2,0.1476021058678731
POU3F1,TBC1D4,0.112222860740933
POU3F1,TRERF1,0.3648411649209155
POU3F1,SIX6,0.0142975809512024
POU3F1,HDAC9,0.087500456391028
POU3F1,PRDM14,0.0488032144129505
POU3F1,DNMT3A,0.0674272426390124
POU3F1,DDAH1,0.400880706316337
POU3F1,PATZ1,0.1550870933267104
POU3F1,PLP1,0.0362319764730497
POU3F1,DCLK1,0.2235170367633978
POU3F1,MYCN,0.3352981854594422
POU3F1,FOXD3,0.2259480595081207
POU3F1,E2F7,0.0466585196373753
POU3F1,ASB9,0.3122571050957116
POU3F1,KHDRBS2,0.1242244038658419
POU3F1,SOX3,0.6314870543016358
POU5F1,FOXN3,1.876109835172679
POU5F1,CHAF1A,0.3110254940566395
POU5F1,SF1,0.4595905867595169
POU5F1,RRAS2,0.4838143481967258
POU5F1,ANKRD28,0.5790829604969404
POU5F1,LECT1,3.0743888604602607
POU5F1,ARID3B,1.4382273376800951
POU5F1,ZNF589,2.632893564597558
POU5F1,ETV4,1.891718893876412
POU5F1,USP44,0.6758043039915085
POU5F1,PHC1,0.9752765627961476
POU5F1,TRIP6,1.0272511039603818
POU5F1,SFRP2,5.747018179586236
POU5F1,PTPRZ1,2.566054437716518
POU5F1,SEMA6A,2.6868020527014718
POU5F1,ASNS,0.6671365214990106
POU5F1,TPD52,1.3451101788631696
POU5F1,GLDC,1.3385118251546897
POU5F1,ETV1,1.038553461662768
POU5F1,KAT7,1.5668986616789744
POU5F1,NAP1L3,0.5426642893073835
POU5F1,CLDN10,1.010306383533219
POU5F1,DCLK1,2.0792843346748526
POU5F1,NLGN4X,2.9441401767930264
POU5F1,TEAD4,0.8186768593313607
POU5F1,DNMT3B,0.5860955450707308
POU5F1,EHMT2,0.5465866898634559
POU5F1,POU5F1,1.0
POU5F1,MYCN,0.5376671871907845
POU5F1,EPCAM,3.961454423864352
POU5F1,TFAP2A,0.3475016121063057
POU5F1,RBM14,0.5520480997983851
POU5F1,PAWR,0.3691603669164129
POU5F1,MAP4K3,0.2998260515845501
POU5F1,ESRP1,0.4818804234064329
POU5F1,PATZ1,0.3138283192270946
POU5F1,TEX10,0.1276700048345831
POU5F1,HNRNPD,0.0741019645685088
POU5F1,GINS2,0.1098155992712298
POU5F1,ELAVL2,0.093114678612559
POU5F1,BCL11A,0.2166369301185794
POU5F1,SLC6A15,0.0656141540663187
POU5F1,E2F4,0.1721476018825142
POU5F1,ITGA6,0.4741215727395776
POU5F1,NFE2L3,1.811108985772596
POU5F1,NANOG,5.096301277155097
POU5F1,RARG,0.8603509902079614
POU5F1,ANXA3,0.8696145723149559
POU5F1,SOX13,2.350442442943414
POU5F1,HIST1H1B,0.5394455659251903
POU5F1,PMAIP1,2.5437395207475904
POU5F1,TJP2,0.5706958132642257
POU5F1,EMB,0.8666745503120228
POU5F1,ZFP42,3.391426196627068
POU5F1,BMPR1A,1.749686924787739
POU5F1,FUS,1.799907924919844
POU5F1,KIF21A,3.139770914714483
POU5F1,TMEM64,0.3097339901072155
POU5F1,RNF13,0.6033336865484275
PPARA,CRX,0.5254992944070358
PPARA,SPIB,0.8585341932211015
PPARA,REL,0.6105511454812074
PPARA,TNC,0.228474947275928
PPARA,HIF3A,0.6605435803477614
PPARA,MDM4,0.2128576614735657
PPARA,WNT5A,0.3280424346534772
PPARA,ANKRD26,1.3629314266829775
PPARA,IRF1,0.8986040667654217
PPARA,CBFA2T2,0.6837165704736531
PPARA,CTBP1,1.431781279227915
PRDM1,PELI2,0.2793054713354809
PRDM1,BMP2,0.2025993254796791
PRDM1,GLRX,1.233850505358005
PRDM1,SOX5,0.4402294222127334
PURA,LMO2,0.0801814493916874
PURA,MECOM,0.0349313303354026
PURA,PELI2,0.1628572700847377
PURA,LEF1,0.0539651631234701
PURA,AIP,0.1400112317272855
PURA,BAG3,0.0365106707077724
PURA,RALB,0.1057555284249965
PURA,STIM2,0.2312562613459802
PURA,TRIP6,0.1183914123788079
PURA,CNKSR3,0.0698434994050908
PURA,PLK2,0.0846023710589179
PURA,KIAA1324L,0.0779239590838581
PURA,SNX14,0.0491998064099984
PURA,CALCOCO1,0.1617051458190455
PURA,CLGN,0.0324776523443723
PURA,RBBP8,0.1621583652359084
PURA,NRIP1,0.1237397348088418
PURA,TRPS1,0.0684357426879752
PURA,CITED2,0.1041801696739024
PURA,ETV7,0.0346183991294452
PURA,ATP11B,0.0993878390719323
PURA,ANKZF1,0.0441187151400737
PURA,DEDD2,0.127259592308658
PURA,PDGFRA,0.0861908180685857
PURA,DRAM2,0.0652476326636051
PURA,FBXO28,0.2753344634969788
PURA,UPF1,0.1297817131452854
PURA,APC,0.0750426106622815
PURA,BMP4,0.033208959728362
PURA,SLC39A11,0.0532626958394212
PURA,INSIG2,0.1181408990512352
PURA,ANKRD1,0.14669385058932
PURA,PURA,1.0
PURA,DAAM1,0.0463607697333025
PURA,WWP1,0.069070272630303
PURA,PLAGL2,0.2770254911414463
PURA,GTF3C4,0.1059243877315842
RBPJ,FAM69A,0.2306635953449587
RBPJ,MYCN,0.5214360518641697
RBPJ,SYNE2,0.188098553058172
RBPJ,PBX1,0.2201841567063197
RBPJ,ZNF160,0.240373469212617
RBPJ,RUVBL1,0.1550012800800587
RBPJ,TRIM2,0.0936592772021093
RBPJ,TCF4,0.1432477639046095
RBPJ,E2F3,0.1531120633492552
RBPJ,UBTF,0.0631173041038343
REL,LPGAT1,0.1376159062506591
REL,ZFHX3,0.1168726239268351
REL,RUNX1,0.3234104184702822
REL,CBFA2T2,0.0913709106729958
REL,MLLT6,0.0718718134575897
REL,ARNT2,0.2436616333888967
SALL2,TRIM2,0.0386129537331225
SALL2,USP44,0.0724120974867538
SALL2,ZNF512,0.6068651046754092
SALL2,ZNF398,0.4736436837627615
SALL2,WDR35,0.0753164103788376
SALL2,LECT1,0.0369841916395465
SALL2,RRAS2,0.105182178261755
SATB2,BMP4,0.0655470617276451
SATB2,PCDH10,0.0117150179424182
SATB2,SATB1,0.0576131917703787
SATB2,PRICKLE1,0.0251838839706876
SATB2,SATB2,1.0
SOX17,NFIA,0.3238814585861309
SOX17,NFATC1,0.4091212404827388
SOX17,MXI1,0.3854778596064738
SOX17,VPS54,0.1028928707408864
SOX17,PRDM1,0.8686608285518626
SOX17,DUSP4,0.0443331455981608
SOX17,SFRP1,0.12799865394056
SOX17,CCDC80,0.0520736777096563
SOX17,TIMP3,0.0659954662395366
SOX2,ARNT2,1.2960778688306558
SOX2,USP44,6.2443807184485625
SOX2,APBB2,1.7159658778445317
SOX2,KIF21A,1.2849031481580024
SOX2,NFE2L3,0.7325029143171126
SOX2,GRHL2,0.8420464609125888
SOX2,SLC6A15,0.6762941821213975
SOX2,ELAVL2,1.4488728979656942
SOX2,KIAA1804,0.8517530023152281
SOX4,MECOM,0.2518073507197769
SOX4,MBOAT1,0.7671476254374185
SOX4,DDAH1,0.5727644148422101
SOX4,LMO3,0.4954295806100212
SOX4,KIF21A,0.5410260779310139
SOX4,DNMT3B,0.7867078104086505
SOX4,PSIP1,0.6240930772639933
SOX4,KHDRBS2,2.984257559845048
SOX4,DNMT3A,2.169726475584421
SOX4,PHC1,0.3905685511400582
SOX4,LIMCH1,0.2701841652565421
SOX4,CTNNB1,2.757149097399749
SOX4,PPP1R9A,1.2010420923736458
SOX4,SLC6A15,0.4725835837059648
SOX4,ARL4A,0.3453192186611028
SOX4,MMP16,1.2969092106293645
SPIB,FOXK1,0.2208380393585053
SPIB,TRAF6,0.3693154296943045
SPIB,ZNF585B,0.3945667828719024
SPIB,PPP1R9A,0.3051112373504939
SPIB,GCM1,0.3711388938274843
SPIB,BARX2,0.2484855199118506
SPIB,ZBTB38,0.5049667729211776
SPIB,ESRRG,0.1520799463624113
SPIB,ASB4,0.7027726670891746
SPIB,TLR7,1.082965482668352
SPIB,FAM117B,0.0545051157336182
SPIB,MCC,0.1313322352605591
SPIB,PLXNA2,0.6805395379157815
SPIB,CRABP2,0.1774442588586866
SPIB,ANKRD6,0.1050775043200904
SPIB,FOXJ2,0.1075751773184542
SPIB,LMO3,0.2875229561810429
SPIB,KHDRBS2,0.0985014809946488
SPIB,FER,0.162628296748441
SPIB,ISL1,0.2261057629186219
SPIB,BCL11B,0.0972039075460844
SPIB,CRX,1.4687240749883828
SPIB,EPHA4,0.1557064276531809
SPIB,SEMA3A,0.0729265403935389
SPIB,LZTS1,0.3003974552026704
TCF4,POU2F1,0.8921673695866038
TCF4,RBPJ,0.715686720645937
TCF4,FAM135A,0.1930032904087631
TCF4,ILF3,0.3470320455473126
TCF4,RAI14,0.3698914777900629
TCF4,APC,0.2179434882622619
TCF4,TCF4,1.0
TCF4,FXR1,0.2112684781037418
TCF4,CEP85L,0.2187378705876775
TCF4,NRIP1,0.3125231751899639
TCF4,KLHL24,0.2201523864256984
TCF4,ESRRG,0.123667382305121
TCF4,MME,0.1611646444415685
TCF4,CASD1,0.1336634573246143
TCF4,LMO2,0.1641663715206067
TCF4,FOXJ2,0.1602197081240695
TCF7L1,PPP1R9A,0.649122147203039
TCF7L1,UNC5D,0.371851492578912
TCF7L1,NFATC1,0.4836999190846887
TCF7L1,EGR1,0.4210382166588851
TCF7L1,DDHD2,0.255316874830337
TCF7L1,SALL2,0.2468357317669079
TCF7L1,PAM,0.2165136664211107
TCF7L1,TLE1,0.197840640953902
TCF7L1,ZNF398,0.3805632753733498
TCF7L1,WDFY1,0.2063346149226636
TCF7L1,HESX1,1.08115272851545
TCF7L1,JMJD1C,1.65471754865753
TCF7L1,BRWD1,0.3115380326889514
TCF7L1,SFRP1,1.1754600477577757
TCF7L1,APBB2,0.2381457896063322
TCF7L1,NR3C1,0.0976487285866207
TCF7L1,FOXP1,0.1739672060017725
TCF7L1,KLF7,0.1440847890537425
TCF7L1,SLC36A4,0.1084521980245259
TCF7L1,FAM69A,0.1300638356753371
TCF7L1,H1F0,0.1146651767053228
TCF7L1,VWA5A,0.1210142740477417
TCF7L1,TMEM47,0.0939770562021534
TCF7L1,TRUB1,0.0971627574133372
TCF7L1,STC1,0.1081239468042116
TCF7L1,ARL4D,0.0941746213884646
TCF7L1,ERBB4,0.1203386130280716
TCF7L1,ASH2L,0.3315062067363664
TCF7L1,TLR4,0.1757178038352292
TCF7L1,SH3BGRL2,0.1687168846868748
TCF7L1,DPYSL3,0.1254368874068247
TCF7L1,SOX5,0.0634210739613816
TCF7L1,DUSP4,0.0647069962896795
TCF7L1,LPIN1,0.0724940967765627
TCF7L1,AK4,0.0448601704574221
TCF7L1,CD48,0.0320153207985468
TCF7L1,SOX2,0.1436205952743144
TCF7L1,ZIC2,0.0930966351327758
TCF7L1,AES,0.0716043224415976
TCF7L1,ABCA1,0.3784563275069927
TEAD1,E2F3,0.0759366545719316
TEAD1,POU2F1,0.3232209703111764
TEAD1,MITF,0.213994752783845
TEAD1,LIPG,0.0825549454421502
TEAD1,SEMA6D,0.1869974360113027
TEAD1,RNF19A,0.2170576958125036
TEAD1,SLC39A8,0.062973559876464
TEAD1,KAT6A,0.1132126235509625
TEAD1,PDGFRA,0.1647259201189287
TEAD4,TPD52,0.0382058028955322
TEAD4,RARG,0.4777523154921297
TEAD4,ID1,0.0245056145935563
TEAD4,LGALSL,0.1309695891407865
TEAD4,TRIM28,0.035888471895967
TEAD4,LRAT,0.026087134630171
TEAD4,PER3,0.0004330552191262
TEAD4,NOC3L,0.1944237855094311
TEAD4,EZH2,0.0969329017746749
TEAD4,AR,0.3335265336188198
TEAD4,NFKBIB,0.1378764233309415
TEAD4,TRIP13,0.0905050680188267
TFDP1,FARSB,0.0540640457387222
TFDP1,ODC1,0.0611699258495026
TFDP1,ZNF239,0.2045682802839211
TFDP1,TFDP1,1.0
TFDP1,DNA2,0.2466936808721483
TFDP1,PROM1,0.0175211226938912
TFDP1,PER3,0.0762733016160134
TFDP1,UBTF,0.1630657093015621
TFDP1,HIST1H1B,0.0787958484674941
TFDP1,POLR2K,0.0014744964575192
TFDP1,TIPIN,0.1571178103013389
TFDP1,NOC3L,0.1867025907256228
TFDP1,ARID3B,0.202700152243325
TFDP1,SNRPD1,0.0787385430695382
TFDP1,MCM3,0.1112927607065203
TFDP1,CNKSR3,0.0218263642458023
TFDP1,C3orf14,0.0927749276537774
TFDP1,ELMOD2,0.0845797849394218
TFDP1,EXO1,0.106236485876748
TFDP1,E2F7,0.1242740313889303
TFE3,ZIC2,0.0201429262662129
TFE3,RAD51AP1,0.0991813645754012
TP53,ZIC2,0.2020474977584042
TP53,RNPS1,0.286659057796347
TP53,NONO,0.3516094294494951
TP53,CTNNB1,1.223908922204618
TP53,POU2F1,0.1542054112528275
TP53,PRICKLE1,0.0625393263391103
TP53,ZBTB2,0.1850818257351389
TP53,SYNE2,0.1792152766032028
TP53,SLC6A15,0.0979215458265502
TP53,RNF13,0.136456822263181
TP53,RBBP8,0.1135380999961743
TP53,SKIL,0.6582563552985017
TP53,TRAF6,0.1680745727499325
TP53,NAA15,0.084033716753737
TP53,SOX4,0.2385471445893898
TP53,DNMT3A,0.4267359200605359
TP53,CSDE1,0.1060203630507837
TP53,SUPT16H,0.0616548061298936
TP53,KHDRBS2,0.288410271794444
TP53,CLDN10,0.0644049568255471
TP53,ATG4C,0.1654877943402428
YBX1,USP44,0.0574748385418989
YBX1,HNRNPK,0.1287499597072782
YBX1,RAVER2,0.0748861509297573
YBX1,NUP35,0.0951498759426932
YBX1,PSIP1,0.0920710338447046
YBX1,UBTF,0.0883881017340876
YBX1,WDR5,0.0840130103347833
YBX1,RBM14,0.1539057850683977
YBX1,GATAD2A,0.0523514933424135
YBX1,ETV1,0.0726145883079484
YBX1,SSB,0.2655953422791491
YBX1,RAI14,0.1450161918106023
YBX1,PHC1,0.0531841943518785
YBX1,CNBP,0.3813793402559655
YBX1,ASNS,0.0383660392692537
YBX1,SEMA6A,0.0359078340906686
YBX1,E2F3,0.1624419400648101
YBX1,C4orf46,0.0810959881353351
YBX1,ZNF202,0.0657132074238055
YBX1,KHSRP,0.1030644692338036
YBX1,CCND1,0.0528988629101343
YBX1,MSX1,0.0902627907570794
YBX1,ODC1,0.0489470705272842
YBX1,YBX1,1.0
ZBTB10,EZH2,0.0703947906010762
ZBTB10,EPHA4,0.0861909463609186
ZBTB10,ZFYVE16,0.0929523653733026
ZBTB10,SYNE2,0.0721376967434524
ZBTB10,RNF138,0.0664783393958484
ZBTB10,B4GALT4,0.0375166689106081
ZBTB10,LIFR,0.0549719921431004
ZBTB10,NFAT5,0.1772917041616232
ZBTB10,NUCB2,0.0752942248783914
ZBTB10,UPF2,0.1353683224636559
ZBTB10,HOMER1,0.1271746251682597
ZBTB10,ZFHX3,0.0876428937724399
ZBTB10,BRWD1,0.1302371115312638
ZBTB10,TSPAN12,0.0789664022750319
ZBTB10,CNKSR3,0.0479135555233311
ZEB1,MITF,0.8497174716919791
ZEB1,ALPK2,0.1278563158175002
ZEB1,TTC39B,0.0882315438823035
ZEB1,BTG2,0.1564859347548861
ZEB1,QPCT,0.071789251719117
ZEB1,ZEB1,1.0
ZEB1,AIP,0.0654388993362637
ZEB1,LHX1,0.0401842526712074
ZEB1,MECOM,0.1317600450603269
ZEB1,PLSCR4,0.069526995891105
ZEB1,ROR2,0.0926701786686505
ZEB1,NCOA6,0.3701939269302975
ZEB1,SATB2,0.2256911415602464
ZEB1,TBX20,0.0671716221620536
ZEB1,ST3GAL6,0.103375434452175
ZEB1,RALB,0.0530016464850044
ZEB1,KIAA1109,0.1117703161950943
ZEB1,PLCB4,0.1207772998925802
ZEB1,APBB1,0.1324461752027708
ZEB1,NRIP1,0.3238330824959096
ZEB1,SMAD6,0.1113120096858772
ZEB1,MAMLD1,0.1183034454229765
ZEB1,VPS54,0.0576324138633616
ZEB1,CREB3L2,0.0644474046103216
ZEB1,DECR1,0.0906652894844595
ZEB1,CCDC141,0.0760388212614704
ZEB1,ETS1,0.4284577067017326
ZEB1,DACH1,0.0475141233026649
ZNF142,USP44,0.0336098911916139
ZNF142,RAD51AP1,0.0510314468991765
ZNF142,ZNF219,0.0778974702274595
ZNF142,MCM5,0.043158994799977
ZNF142,EXO1,0.0237495648589724
ZNF398,ZNF398,1.0
ZNF398,CALB1,0.0066926138590878
ZNF398,PLP1,0.1733720049658851
